Generationg,PJmin,PJmax,PJmean,OJmin,OJmax,OJmean,Parent,Offspring
0,1000000.0,1906384.5728289776,1466966.1418185402,301812.15854289534,1612200.2944044264,858307.34393802658,"[[  5.00000000e-01   5.00000000e-02   1.00000000e+03]
 [  1.46060588e+01   0.00000000e+00   4.94400157e+02]
 [  9.01355089e+00   5.00000000e-02   8.69718240e+02]
 [  2.20634936e+01   5.00000000e-02   1.00000000e+03]
 [  2.91347127e+01   5.00000000e-02   6.30904349e+02]
 [  7.18662457e+00   5.00000000e-02   2.20886904e+01]]","[[  5.00000000e-01   5.00000000e-02   1.00000000e+03]
 [  1.46060588e+01   0.00000000e+00   4.94400157e+02]
 [  9.01355089e+00   5.00000000e-02   8.69718240e+02]
 [  2.20634936e+01   5.00000000e-02   1.00000000e+03]
 [  2.91347127e+01   5.00000000e-02   6.30904349e+02]
 [  7.18662457e+00   5.00000000e-02   2.20886904e+01]]"
